Acinonyx jubatus	37900.0	9.10301125322	10.5427063911
Acomys cahirinus	42.0	3.83297979809	3.73766961828
Acomys russatus	51.1	3.7096619933	3.93378449721
Acomys spinosissimus	27.02	3.78759292705	3.29657733253
Acomys subspinosus	32.26	4.42436747516	3.4738280727
Aconaemys fuscus	112.0	4.7957905456	4.7184988713
Acrobates pygmaeus	14.0	2.71601837075	2.63905732962
Aepyprymnus rufescens	2820.0	6.97447891103	7.94449216393
Aethomys namaquensis	66.3	3.95852483908	4.19418989719
Agouti paca	9156.0	7.91819187675	9.12216468107
Ailurus fulgens	5740.0	6.77787435813	8.65521448931
Akodon azarae	22.5	3.65583960004	3.11351530921
Akodon longipilis	42.3	4.0517849478	3.74478708605
Akodon olivaceus	27.0	3.89995042419	3.295836866
Alopex lagopus	3970.0	7.44395620908	8.28652137368
Amblysomus hottentotus	65.5	4.29728540622	4.18205014264
Ammospermophilus leucurus	112.8	4.58496747867	4.72561633906
Anoura caudifera	11.5	3.55820113047	2.44234703537
Anoura latidens	13.5	3.60004824041	2.60268968544
Antechinus stuartii	36.5	3.60004824041	3.59731226059
Antechinus swainsonii	66.9	4.15606662085	4.20319896713
Antilocapra americana	37800.0	9.26728765242	10.5400643816
Aotus trivirgatus	1030.0	6.20657592672	6.93731408122
Apodemus alpicola	31.1	4.01457959375	3.43720781919
Apodemus argenteus	15.7	3.89792408105	2.75366071235
Apodemus chevrieri	32.56	4.47631356386	3.48308454113
Apodemus flavicollis	33.3	4.21803603456	3.50555739699
Apodemus hermonensis	19.6	3.8670256395	2.97552956624
Apodemus mystacinus	31.1	3.94931879017	3.43720781919
Apodemus sylvaticus	25.3	3.74950407593	3.23080439573
Arborimus pomo	21.8	4.07584109066	3.0819099698
Arctictis binturong	14280.0	7.02829008061	9.56661523589
Arctogalidia trivirgata	2010.0	6.31499627245	7.60589000105
Artibeus concolor	19.7	3.49347265777	2.98061863574
Artibeus hirsutus	51.5	4.79991426278	3.94158180767
Artibeus jamaicensis	45.2	4.03424063815	3.81109708684
Artibeus lituratus	70.1	4.4402955428	4.24992279404
Arvicola terrestris	97.5	4.72827238312	4.579852378
Aselliscus tricuspidatus	4.2	1.96571277635	1.43508452529
Atelerix albiventris	450.0	4.98838968515	6.10924758276
Auliscomys boliviensis	76.8	4.70411013384	4.34120464015
Auliscomys micropus	62.3	4.58292457704	4.13196142579
Baiomys taylori	7.3	2.65324196461	1.98787434815
Bassariscus astutus	865.0	5.91620206261	6.76272950693
Bassariscus sumichrasti	1282.0	6.45299487915	7.15617663748
Bathyergus janetta	406.0	5.38998455507	6.0063531596
Bathyergus suillus	712.0	5.83422577068	6.56807791141
Blarina brevicauda	21.0	3.9608131696	3.04452243772
Blarina carolinensis	10.2	3.50555739699	2.32238772029
Bradypus variegatus	3790.0	6.53087762773	8.24012129808
Cabassous centralis	3810.0	6.69888438695	8.24538446812
Callimico goeldii	557.0	5.62762111369	6.32256523993
Callithrix jacchus	356.7	5.09375020081	5.87689509236
Callithrix pygmaea	153.0	4.58292457704	5.03043792139
Calomys musculinus	16.9	3.32826820164	2.82731362193
Calomys venustus	49.5	4.25971774779	3.90197266957
Caluromys derbianus	357.0	5.31566600488	5.87773578178
Caluromys philander	170.0	4.8481163646	5.13579843705
Canis latrans	10000.0	7.89655270164	9.21034037198
Canis lupus	35500.0	9.02461302205	10.4772879755
Canis mesomelas	7720.0	8.23217423638	8.95156964302
Capreolus capreolus	21500.0	9.06137621884	9.97580821412
Capromys pilorides	2630.0	6.39191711339	7.87473912517
Carollia perspicillata	14.9	3.44680789291	2.70136121295
Castor canadensis	15270.0	8.45276133126	9.63364539821
Cercartetus concinnus	18.6	3.10548313751	2.92316158072
Cercartetus lepidus	12.6	2.9322598506	2.53369681396
Cercartetus nanus	36.0	3.16800349449	3.58351893846
Cercopithecus mitis	8500.0	8.12917499691	9.04782144248
Cerdocyon thous	5444.0	7.31128518246	8.60226936377
Cervus elaphus	58000.0	9.70625538301	10.9681982895
Chaetodipus hispidus	39.5	3.89995042419	3.67630067191
Chaetodipus intermedius	14.6	2.74727091426	2.68102152871
Chaetophractus nationi	2150.0	6.32614947316	7.67322312112
Chaetophractus vellerosus	1110.0	5.72489143787	7.01211529431
Chaetophractus villosus	4540.0	6.69468581324	8.42068229104
Chalinolobus gouldii	17.5	3.22684399452	2.86220088093
Cheirogaleus medius	300.0	5.06890420222	5.70378247466
Chelemys macronyx	62.0	4.43461908479	4.12713438505
Chinchilla brevicaudata	454.4	5.42186155264	6.11897786741
Chinchilla lanigera	426.0	5.41964965172	6.05443934627
Chironectes minimus	922.9	5.90399852133	6.82752088627
Choeroniscus godmani	10.1	2.94968833505	2.31253542385
Choloepus hoffmanni	4250.0	6.68336094577	8.35467426192
Chroeomys andinus	34.6	4.16976120151	3.54385368206
Chrotopterus auritus	96.1	4.62399194023	4.56538931598
Chrysochloris asiatica	44.0	3.94158180767	3.78418963392
Clethrionomys californicus	18.3	4.11283914486	2.90690105985
Clethrionomys gapperi	22.8	3.79458990854	3.12676053596
Clethrionomys glareolus	20.9	3.9608131696	3.03974915897
Clethrionomys rutilus	28.0	4.34380542185	3.33220451018
Coendou prehensilis	3280.0	6.82979373751	8.09559870138
Colobus guereza	10500.0	7.9996785795	9.25913053615
Condylura cristata	49.0	4.70320392626	3.89182029811
Conilurus penicillatus	212.3	5.09129319711	5.35800036871
Cricetulus barabensis	37.3	3.96972571556	3.61899332665
Cricetulus migratorius	30.7	3.82297318859	3.42426265459
Cricetus cricetus	369.6	5.25853649654	5.91242133977
Crocidura hildegardeae	10.0	3.25809653802	2.30258509299
Crocidura jouvenetae	10.2	3.10906095886	2.32238772029
Crocidura luna	11.8	3.21084365317	2.46809953147
Crocidura olivieri	38.9	4.06731588983	3.66099425062
Crocidura poensis	17.3	3.43720781919	2.8507065015
Crocidura russula	11.3	3.10906095886	2.42480272572
Crocidura suaveolens	6.5	2.93916192207	1.8718021769
Crocidura viaria	14.7	3.09557760852	2.68784749378
Cryptomys amatus	77.3	3.88567903009	4.34769395559
Cryptomys anselli	81.9	4.13035499975	4.40549899086
Cryptomys bocagei	94.4	4.24706564924	4.54754107315
Cryptomys damarensis	125.0	4.41279829334	4.8283137373
Cryptomys darlingi	60.0	4.0741418549	4.09434456222
Cryptomys hottentotus	102.0	4.65396035016	4.62497281328
Cryptomys mechowi	267.0	5.07642303463	5.5872486584
Cryptotis parva	6.2	2.94443897917	1.82454929205
Ctenomys fulvus	275.0	5.17048399504	5.61677109767
Ctenomys maulinus	215.0	5.23164323328	5.37063802813
Ctenomys talarum	181.95	5.09319790108	5.20373192406
Cyclopes didactylus	240.0	4.74057482299	5.48063892334
Cynomys ludovicianus	1112.3	6.05443934627	7.0141852226
Cynopterus brachyotis	37.4	3.86072971104	3.62167070442
Dasycercus byrnei	118.2	4.41570316103	4.77237810497
Dasycercus cristicauda	88.8	3.83254680393	4.48638665
Dasyprocta azarae	3849.0	7.54221346319	8.25556865328
Dasyprocta leporina	2687.0	7.35147909921	7.89618060862
Dasypus novemcinctus	4180.0	6.65890923032	8.33806652552
Dasypus sabanicola	1380.0	5.73947131706	7.22983877815
Dasyurus geoffroii	1385.0	6.21460809842	7.23345541862
Dasyurus hallucatus	516.0	5.52146091786	6.24610676548
Dasyurus maculatus	3840.0	7.08590146437	8.25322764558
Dasyurus viverrinus	909.9	6.01493690329	6.81333470336
Daubentonia madagascariensis	2562.0	7.23986085274	7.84854348246
Delphinapterus leucas	625000.0	11.6447428896	13.3455069287
Dendrohyrax dorsalis	2210.0	6.62286929383	7.70074779451
Dendrolagus matschiei	6960.0	7.26318945348	8.84793475333
Desmodillus auricularis	71.9	4.47414992355	4.27527626473
Desmodus rotundus	29.4	3.28840188752	3.38099467434
Diaemus youngi	36.6	3.52636052462	3.60004824041
Dicrostonyx groenlandicus	62.3	4.65681341914	4.13196142579
Didelphis marsupialis	1329.0	6.41558783703	7.19218205871
Didelphis virginiana	3257.0	6.97988987674	8.08856180528
Diphylla ecaudata	27.8	3.52341501439	3.3250360207
Dipodomys agilis	60.6	4.15261347035	4.10429489308
Dipodomys deserti	106.0	4.52396013056	4.66343909411
Dipodomys merriami	34.7	3.72906124375	3.54673968695
Dipodomys ordii	48.8	4.05004430333	3.88773031286
Dipodomys panamintinus	56.9	4.13660552094	4.04129534113
Dobsonia anderseni	241.0	5.15905529921	5.48479693349
Dobsonia minor	73.7	4.30945594184	4.3000027992
Dobsonia moluccensis	404.3	5.90781116211	6.00215717665
Dobsonia praedatrix	179.5	4.95934199971	5.19017520793
Dolichotis salinicola	1613.0	6.58741226429	7.38585107813
Dromiciops gliroides	40.2	3.45820763638	3.69386699562
Echymipera kalubu	695.0	5.84064165737	6.54391184556
Echymipera rufescens	1276.0	6.29341927885	7.1514854639
Eira barbara	2950.0	7.10767114418	7.98956044933
Elephantulus brachyrhynchus	45.3	3.77780566331	3.81330703249
Elephantulus intufi	46.5	3.9518204753	3.83945231259
Elephantulus myurus	63.0	4.19418989719	4.14313472639
Elephantulus rozeti	45.3	3.8670256395	3.81330703249
Elephantulus rufescens	53.0	4.04076796132	3.97029191355
Elephantulus rupestris	59.7	3.97349432752	4.0893320204
Eligmodontia typus	17.5	3.3978584804	2.86220088093
Enhydra lutris	18000.0	9.46962296991	9.79812703688
Eonycteris spelaea	51.6	3.87120101091	3.94352167249
Eothenomys miletus	41.23	4.37663713739	3.71916614672
Eothenomys olitor	34.26	4.48975933448	3.5339784929
Epixerus wilsoni	460.0	5.48769728771	6.13122648948
Epomophorus wahlbergi	101.7	4.65548299986	4.62202730305
Eptesicus fuscus	15.0	2.83203618088	2.7080502011
Eptesicus vulturnus	4.0	1.40609698842	1.38629436112
Eremitalpa granti	26.1	2.60786147385	3.26193531433
Erinaceus concolor	823.0	5.84932477995	6.71295620068
Erinaceus europaeus	749.0	5.82037962224	6.61873898352
Erophylla bombifrons	16.41	2.89591193827	2.7978909051
Eulemur fulvus	2330.0	5.78074351579	7.75362354656
Eumops perotis	56.0	3.68386691229	4.02535169074
Euneomys chinchilloides	65.4	4.4355674016	4.18052225846
Euoticus elegantulus	262.0	5.37527840768	5.56834450376
Euphractus sexcinctus	8190.0	7.12044437239	9.01066917685
Fossa fossana	2260.0	6.80937037706	7.72312009227
Funisciurus lemniscatus	95.0	4.49524370661	4.5538768916
Funisciurus pyrropus	244.0	5.20015311776	5.49716822529
Galagoides demidoff	68.0	4.13836144764	4.21950770518
Galago moholi	181.0	4.46475803227	5.19849703127
Galago senegalensis	275.0	5.28826703069	5.61677109767
Galerella sanguinea	500.0	5.94017125272	6.21460809842
Gazella subgutturosa	17100.0	8.43289812192	9.74683374249
Genetta tigrina	1732.0	6.63607778067	7.45703208912
Geomys pinetis	200.0	4.9558270576	5.29831736655
Gerbillurus paeba	31.13	3.32179335887	3.43817198445
Gerbillurus setzeri	46.1	3.61145830715	3.83081295
Gerbillurus tytonis	29.9	3.4560011737	3.3978584804
Gerbillurus vallinus	38.8	3.54875494602	3.65842024663
Gerbillus andersoni	35.3	3.65919314374	3.56388296394
Gerbillus dasyurus	27.6	3.37622139559	3.31781577272
Gerbillus nanus	28.4	3.10950728781	3.34638914517
Gerbillus pusillus	12.6	2.60120710548	2.53369681396
Glaucomys volans	61.5	4.16790476533	4.11903717481
Glossophaga longirostris	13.5	3.27714473299	2.60268968544
Glossophaga soricina	9.6	3.07269331469	2.26176309847
Gracilinanus agilis	31.4	3.44680789291	3.44680789291
Graomys griseoflavus	69.4	4.4304595922	4.23988686751
Graphiurus murinus	38.4	3.69783919549	3.64805745959
Graphiurus ocularis	67.8	4.19328451008	4.21656219495
Gymnobelideus leadbeateri	166.3	4.63569939102	5.1137933862
Halichoerus grypus	190700.0	10.4283935805	12.1584567916
Heliophobius argenteocinereus	223.0	5.03695260241	5.40717177146
Heliosciurus rufobrachium	271.0	5.09067800177	5.60211882088
Hemiechinus aethiopicus	453.0	4.73003916803	6.11589212548
Hemiechinus auritus	397.0	5.01661736577	5.98393628069
Herpailurus yaguarondi	8350.0	7.45991476624	9.03001681784
Heterocephalus glaber	39.0	3.2464909919	3.66356164613
Heteromys anomalus	69.3	4.6101577275	4.2384449062
Hipposideros cervinus	8.3	2.19277022699	2.1162555148
Hipposideros diadema	37.2	3.49650756147	3.61630876128
Hipposideros galeritus	8.5	2.2353763433	2.1400661635
Hipposideros maggietaylorae	18.2	3.04927304048	2.90142159408
Histiotus velatus	11.2	2.29958058397	2.4159137783
Hyaena hyaena	34300.0	8.65313916659	10.4429006332
Hydrochaeris hydrochaeris	26385.0	8.79426416476	10.1805509458
Hydromys chrysogaster	780.0	6.12817837042	6.65929391968
Hylomys suillus	77.3	4.38701417618	4.34769395559
Isoodon auratus	428.0	5.00930107108	6.05912319558
Isoodon macrourus	1551.0	6.36320050247	7.34665516318
Isoodon obesulus	1380.0	6.1059086815	7.22983877815
Isthmomys pirrensis	138.0	4.79909087863	4.92725368516
Jaculus jaculus	74.5	4.51743127168	4.31079912539
Jaculus orientalis	139.1	4.93519309893	4.93519309893
Kerodon rupestris	733.0	5.90399852133	6.59714570189
Lagidium viscacia	2056.0	6.54965074223	7.62851762658
Lagorchestes conspicillatus	2660.0	6.74664711859	7.88608140178
Lasiopodomys brandtii	61.8	4.48187196964	4.12390336446
Lasiorhinus latifrons	25250.0	7.83399634171	10.1365814347
Lasiurus borealis	12.2	2.85933964865	2.50143595174
Lasiurus cinereus	19.9	2.80457176809	2.99071973173
Lasiurus intermedius	22.6	2.90690105985	3.11794990628
Lasiurus seminolus	9.8	2.60268968544	2.28238238568
Lemmiscus curtatus	30.3	3.91800507711	3.41114771252
Lemmus trimucronatus	44.0	4.25419326316	3.78418963392
Lemur catta	2527.0	6.47912389284	7.83478810739
Leontopithecus rosalia	733.0	5.94542060861	6.59714570189
Leopardus pardalis	10500.0	8.04760547567	9.25913053615
Leopardus wiedii	3550.0	6.84289670663	8.17470288247
Leptailurus serval	10120.0	8.0519780789	9.22226894284
Leptonychotes weddellii	388500.0	11.2197885418	12.8700484488
Leptonycteris curasoae	24.0	3.52929738429	3.17805383035
Leptonycteris yerbabuenae	22.0	3.59731226059	3.09104245336
Lepus americanus	1438.0	7.10332206253	7.27100853828
Lepus timidus	3096.0	7.87770051539	8.03786623471
Lepus townsendii	2430.0	7.14124512235	7.79564653633
Limnogale mergulus	77.7	4.28082412916	4.35285525737
Liomys irroratus	48.1	3.98713047791	3.87328217711
Liomys salvini	43.8	3.84801767545	3.77963381738
Loris tardigradus	284.0	4.85203026392	5.64897423816
Lutreolina crassicaudata	812.0	6.00610682384	6.69950034016
Lynx rufus	9400.0	8.34773257702	9.14846496826
Macroderma gigas	107.2	4.54648118964	4.67469624864
Macroglossus minimus	16.4	2.66722820658	2.79728133483
Macropus eugenii	4796.0	7.23128700433	8.47553751615
Macropus giganteus	26400.0	8.67607551648	10.1811192891
Macropus robustus	22716.0	8.42134286576	10.030824801
Macropus rufus	32490.0	8.66406026723	10.3886876287
Macroscelides proboscideus	38.8	3.9510513924	3.65842024663
Macrotarsomys ingens	64.3	3.97687397775	4.16355963124
Macrotis lagotis	1577.0	6.29913305349	7.36327958696
Macrotus californicus	11.7	2.68102152871	2.4595888418
Malacothrix typica	21.7	3.02626147859	3.07731226055
Manis crassicaudata	15910.0	7.1236727852	9.67470312133
Manis javanica	4220.0	7.00850518208	8.34759040703
Manis tricuspis	2730.0	6.72299074054	7.91205688818
Marmosa robinsoni	122.0	4.58087749342	4.80402104473
Marmota monax	2650.0	6.47850964221	7.88231491898
Mastomys natalensis	41.5	3.49012359086	3.72569342724
Megadontomys thomasi	110.8	4.82028156561	4.70772677431
Melonycteris melanops	53.3	3.76584049525	3.97593633117
Melursus ursinus	66957.0	9.04038207417	11.1118059013
Mephitis mephitis	5667.0	7.3182079286	8.64241515617
Meriones hurrianae	72.3	3.9796816539	4.28082412916
Meriones unguiculatus	63.6	4.18357569595	4.15261347035
Mesocricetus auratus	119.3	4.63083793274	4.7816413291
Metachirus nudicaudatus	261.0	5.05369478356	5.56452040732
Micoureus paraguayanus	170.1	4.86213528578	5.1363864994
Microcavia niata	255.2	5.16934698525	5.54204755147
Microcebus griseorufus	51.5	3.79075891794	3.94158180767
Microdipodops pallidus	15.2	2.9856819377	2.72129542785
Microgale cowani	10.3	3.295836866	2.33214389524
Microgale talazaci	44.0	3.77276093809	3.78418963392
Microtus agrestis	28.0	4.15261347035	3.33220451018
Microtus arvalis	33.9	4.11740983515	3.52341501439
Microtus breweri	53.1	4.3000027992	3.97217692825
Microtus cabrerae	43.0	3.88341774842	3.76120011569
Microtus californicus	44.0	4.218330542	3.78418963392
Microtus canicaudus	30.4	4.35414143118	3.41444260841
Microtus longicaudus	30.2	4.13035499975	3.40784192438
Microtus mexicanus	28.8	3.84095655699	3.36037538714
Microtus montanus	51.2	4.49535531998	3.93573953205
Microtus ochrogaster	47.4	4.19569705648	3.8586222287
Microtus oeconomus	35.4	4.6101577275	3.56671182014
Microtus pennsylvanicus	44.7	4.38701417618	3.79997350162
Microtus pinetorum	23.8	4.02356438016	3.16968558068
Microtus richardsoni	80.0	5.15213485637	4.38202663467
Microtus subterraneus	17.8	3.90156854752	2.8791984573
Microtus townsendii	52.2	4.44968528315	3.95508249489
Miniopterus schreibersi	11.1	3.23474917402	2.40694510832
Molossus molossus	16.5	3.00071981507	2.80336038091
Monodelphis brevicaudata	111.0	4.32413265625	4.70953020131
Monodelphis domestica	104.0	4.0858082312	4.64439089914
Monophyllus redmani	8.81	2.42480272572	2.17588743995
Mops condylurus	23.2	3.47196645255	3.14415227867
Mormoops blainvillii	8.91	2.11504996915	2.18717424148
Mormoops megalophylla	16.5	3.1945831323	2.80336038091
Mus macedonicus	14.04	2.96424160646	2.6419103986
Mus minutoides	8.27	3.07639017657	2.11263450904
Mus musculus	22.8	3.56388296394	3.12676053596
Mustela erminea	161.5	5.82008293035	5.08450514266
Mustela eversmannii	612.0	6.07419594471	6.41673228251
Mustela frenata	225.0	5.46383180503	5.4161004022
Mustela nigripes	920.0	6.13122648948	6.82437367004
Mustela nivalis	89.5	5.14516618705	4.49423862528
Mustela vison	704.0	6.24474925533	6.55677835616
Myoprocta acouchy	914.0	6.2199935707	6.81783057145
Myopus schisticolor	26.4	4.5538768916	3.27336401015
Myosorex varius	12.32	3.17220341667	2.51122395811
Myotis bechsteini	8.9	2.26176309847	2.18605127674
Myotis chiloensis	5.78	2.31944221006	1.75440368268
Myotis daubentoni	7.8	2.0541237337	2.0541237337
Myotis nattereri	7.1	2.16332302566	1.96009478405
Myrmecobius fasciatus	488.0	5.19628464098	6.19031540585
Myrmecophaga tridactyla	30600.0	7.86365126545	10.3287552879
Nandinia binotata	4270.0	6.75983514891	8.35936910622
Nannospalax carmeli	117.0	4.60015764416	4.7621739348
Nannospalax galili	128.0	4.70138904373	4.85203026392
Nannospalax judaei	121.0	4.31748811354	4.7957905456
Nannospalax leucodon	201.0	5.00193085347	5.30330490806
Napaeozapus insignis	21.6	3.66099425062	3.07269331469
Nasua narica	3665.0	7.09489852606	8.20658361432
Nasua nasua	3850.0	6.91829949286	8.25582842728
Natalus tumidirostris	5.4	2.11866225483	1.68639895357
Neofiber alleni	258.1	5.37897526957	5.55334710672
Neomys fodiens	13.5	3.6686767468	2.60268968544
Neotoma albigula	193.6	4.95088528969	5.26579417484
Neotoma cinerea	158.1	4.79081953287	5.06322774422
Neotoma lepida	110.3	4.46705688386	4.70320392626
Neotoma macrotis	186.7	4.99382817578	5.22950305055
Neurotrichus gibbsii	11.8	3.83945231259	2.46809953147
Ningaui yvonnae	11.6	2.75110969056	2.45100509811
Noctilio albiventris	38.6	3.64335893881	3.65325227647
Noctilio leporinus	61.0	3.85014760171	4.11087386417
Notiosorex crawfordi	4.0	2.53369681396	1.38629436112
Notomys alexis	33.0	3.69386699562	3.49650756147
Notomys cervinus	34.2	3.73098063013	3.53222564407
Nycteris thebaica	11.65	2.93172694358	2.45530618001
Nycticebus coucang	1300.0	5.72684774759	7.17011954345
Nycticeius humeralis	9.0	2.37024374147	2.19722457734
Nyctimene albiventer	30.9	3.30688670219	3.4307561839
Nyctimene cyclotis	40.4	4.16821441079	3.69882978497
Nyctimene robinsoni	54.8	4.00186370943	4.00369019395
Nyctophilus bifax	9.9	2.53923699433	2.29253475714
Nyctophilus geoffroyi	8.0	2.4336133554	2.07944154168
Nyctophilus gouldi	10.0	2.50143595174	2.30258509299
Nyctophilus major	13.6	3.01553490085	2.61006979274
Ochrotomys nuttalli	19.5	3.29953372789	2.97041446557
Octodon bridgesi	176.1	5.21112415485	5.1710520155
Octodon degus	206.0	5.25540986554	5.32787616879
Octodon lunatus	173.2	5.14458326661	5.15444699613
Octodontomys gliroides	152.0	4.87290462063	5.02388052085
Odocoileus virginianus	51190.0	9.34844877409	10.8432994795
Oligoryzomys longicaudatus	28.2	3.93182563272	3.33932197794
Ondatra zibethicus	1004.6	6.46598919115	6.91234473132
Onychomys torridus	19.1	3.38777436133	2.94968833505
Orcinus orca	4037500.0	12.8666863038	15.2111362465
Ornithorhynchus anatinus	1284.0	6.16331480403	7.15773548425
Orycteropus afer	48000.0	8.72323127483	10.7789562899
Otolemur garnettii	947.0	6.0185932145	6.85329909319
Otomys sloggetti	113.3	4.89783979995	4.73003916803
Otomys unisulcatus	96.0	4.66908351173	4.56434819147
Ovibos moschatus	195500.0	10.2031476017	12.1833156584
Oxymycterus roberti	83.5	4.51107926259	4.42484663186
Panthera leo	98000.0	9.73825907317	11.4927227577
Panthera onca	69000.0	9.45985317831	11.1418617836
Panthera tigris	137900.0	10.085584084	11.8342840638
Pan troglodytes	38000.0	9.15503905619	10.5453414387
Paradoxurus hermaphroditus	3160.0	6.63331843328	8.05832730658
Paranyctimene raptor	23.6	3.19867311755	3.16124671203
Pecari tajacu	20200.0	8.67556352739	9.91343788339
Pedetes capensis	2300.0	6.67620146031	7.74066440192
Perameles bougainville	255.0	5.08140436498	5.54126354516
Perameles gunnii	681.0	5.92692602597	6.52356230615
Perameles nasuta	645.0	5.75605861922	6.4692503168
Perodicticus potto	898.0	5.82008293035	6.8001700683
Perognathus longimembris	8.9	2.2533948488	2.18605127674
Perognathus parvus	19.2	3.36037538714	2.95491027903
Peromyscus californicus	49.6	4.06044301055	3.90399083373
Peromyscus crinitus	20.9	3.4307561839	3.03974915897
Peromyscus eremicus	21.5	3.45946628979	3.06805293513
Peromyscus gossypinus	21.5	3.61037722596	3.06805293513
Peromyscus keeni	28.3	3.84374416467	3.34286180465
Peromyscus leucopus	21.2	3.5610460826	3.05400118168
Peromyscus maniculatus	19.1	3.66356164613	2.94968833505
Peromyscus megalops	66.2	4.50689561672	4.19268046294
Peromyscus polionotus	12.0	3.06712226964	2.48490664979
Peromyscus truei	33.3	4.13676527811	3.50555739699
Peropteryx macrotis	5.1	2.46640317822	1.62924053973
Petaurus breviceps	127.7	4.3355899489	4.84968376304
Petrodromus tetradactylus	206.1	5.19017520793	5.3283614879
Phalanger carmelitae	1389.7	6.28207981354	7.23684317549
Phalanger intercastellanus	1671.4	6.48981264936	7.42141687757
Phalanger orientalis	2181.3	6.78377809916	7.68767630832
Phalanger sericeus	1353.2	6.06099060976	7.21022743691
Phascogale calura	34.7	3.36037538714	3.54673968695
Phascogale tapoatafa	157.2	4.84654650556	5.05751888
Phenacomys intermedius	21.5	4.20811957648	3.06805293513
Philander opossum	249.0	5.23003852579	5.51745289646
Phoca groenlandica	149500.0	10.441033001	11.9150516718
Phoca hispida	46600.0	9.53242387115	10.7493558201
Phoca vitulina	86800.0	10.3129446819	11.3713619006
Phodopus roborovskii	21.8	3.40452517175	3.0819099698
Phodopus sungorus	31.3	3.66688943622	3.44361809755
Phyllostomus discolor	33.5	3.54095932404	3.51154543883
Phyllostomus elongatus	35.6	3.65842024663	3.57234563786
Phyllostomus hastatus	84.2	4.2584455729	4.43319492125
Phyllotis darwini	72.1	4.20394607214	4.27805404429
Phyllotis magister	50.7	4.11577984294	3.9259259106
Phyllotis xanthopygus	35.9	3.81109708684	3.58073729549
Pipistrellus pipistrellus	4.6	2.07944154168	1.5260563035
Planigale gilesi	9.5	2.49815187654	2.25129179861
Planigale maculata	8.5	2.37117788446	2.1400661635
Planigale tenuirostris	5.7	1.96150224382	1.74046617484
Platyrrhinus lineatus	21.9	3.47196645255	3.08648663682
Plecotus auritus	10.7	2.68716699019	2.37024374147
Podomys floridanus	30.8	3.94623117676	3.42751468998
Potorous tridactylus	950.0	6.0799331951	6.85646198459
Potos flavus	2400.0	6.63068338564	7.78322401634
Priodontes maximus	45190.0	8.01565761456	10.7186311024
Procyon lotor	6480.0	7.53529670244	8.77647578935
Proteles cristatus	8100.0	7.69348164084	8.99961934066
Pseudalopex culpaeus	5418.0	7.61800536744	8.59748202265
Pseudantechinus macdonnellensis	43.1	3.30137704638	3.76352299711
Pseudomys albocinereus	27.9	3.77322060255	3.32862668883
Pseudomys gracilicaudatus	79.8	4.42831366863	4.37952350446
Pseudomys hermannsburgensis	11.7	2.83144707925	2.4595888418
Pteronotus davyi	9.4	2.7278528284	2.24070968928
Pteronotus parnellii	19.2	3.42426265459	2.95491027903
Pteronotus personatus	14.0	3.13549421593	2.63905732962
Pteronotus quadridens	4.8	1.79175946923	1.56861591791
Pteropus giganteus	562.2	5.67229180756	6.33185765847
Pteropus hypomelanus	520.8	5.67022569113	6.25536609089
Pteropus poliocephalus	598.0	5.7585862667	6.39359075395
Pteropus pumilus	194.2	4.83945148171	5.26888855586
Pteropus rodricensis	254.5	4.90453376321	5.53930083599
Pteropus scapulatus	362.0	5.49100171038	5.89164421183
Pteropus vampyrus	1024.3	6.68972363955	6.93176473144
Ptilocercus lowii	57.5	3.76352299711	4.0517849478
Puma concolor	37200.0	9.08723444484	10.5240640403
Rattus colletti	165.7	4.81218435537	5.11017892443
Rattus fuscipes	77.4	4.22683374527	4.3489867806
Rattus lutreolus	109.1	4.14788532915	4.69226489284
Rattus niobe	42.3	3.98154906808	3.74478708605
Rattus rattus	117.0	4.92362391711	4.7621739348
Rattus villosissimus	184.4	4.67282883446	5.21710731112
Reithrodon auritus	78.7	4.34120464015	4.36564315542
Reithrodontomys megalotis	7.85	3.02771531941	2.06051353179
Rhinolophus capensis	11.9	1.96571277635	2.47653840012
Rhinolophus clivosus	16.83	2.59972232422	2.8231630082
Rhinonicteris aurantia	8.27	2.78501124224	2.11263450904
Rhinophylla pumilio	9.5	2.78501124224	2.25129179861
Rousettus amplexicaudatus	91.5	4.64727136201	4.51633897228
Rousettus egyptiacus	146.0	4.8089270235	4.98360662171
Saccopteryx bilineata	7.8	2.67414864943	2.0541237337
Saccostomus campestris	78.1	3.87618855242	4.35799005685
Sarcophilus laniarius	5050.0	7.25417784646	8.52714352227
Scalopus aquaticus	48.0	4.21508617992	3.87120101091
Scapanus latimanus	61.0	4.33467293829	4.11087386417
Scapanus orarius	61.2	4.16044436393	4.11414718952
Scapanus townsendii	130.1	4.69043002994	4.86830338552
Sekeetamys calurus	59.5	3.83729945923	4.08597631255
Setifer setosus	159.5	4.0404162202	5.07204392222
Setonix brachyurus	2654.0	6.7133206543	7.88382321489
Sigmodon hispidus	152.4	4.84024230817	5.02650864325
Sminthopsis crassicaudata	17.7	3.09693415406	2.87356463958
Sminthopsis laniger	24.2	3.16631857413	3.18635263316
Sminthopsis macroura	22.0	3.15870110183	3.09104245336
Sminthopsis ooldea	10.6	2.93916192207	2.36085400112
Sminthopsis psammophila	43.6	3.54673968695	3.77505715035
Sorex alpinus	7.9	3.87535902106	2.06686275947
Sorex araneus	7.5	3.79997350162	2.01490302054
Sorex coronatus	9.1	3.94931879017	2.20827441352
Sorex minutus	3.3	3.34638914517	1.19392246847
Sorex palustris	14.4	4.25773810913	2.66722820658
Spalacopus cyanus	136.0	4.61808641125	4.91265488574
Spermophilus armatus	306.2	5.10957524195	5.72423848322
Spermophilus beldingi	283.3	5.03174425731	5.64650640684
Spermophilus lateralis	260.2	4.86368088114	5.56145056608
Spermophilus mohavensis	239.5	4.71222925828	5.47855341685
Spermophilus parryii	565.6	5.98519493409	6.33788711458
Spermophilus richardsonii	258.8	4.86830338552	5.55605556263
Spermophilus saturatus	252.2	5.09375020081	5.53022242353
Spermophilus spilosoma	148.8	4.48413185761	5.0026031224
Spermophilus tereticaudus	167.2	4.53903038348	5.11919070065
Spermophilus townsendii	198.7	4.73970107895	5.29179614956
Spermophilus tridecemlineatus	182.3	4.6491870714	5.20565368168
Spilocuscus maculatus	4250.0	6.92755790628	8.35467426192
Spilogale putorius	624.0	5.58274414628	6.43615036837
Steatomys pratensis	27.5	3.58795353552	3.31418600467
Stochomys longicaudatus	89.3	4.63083793274	4.49200148788
Strigocuscus gymnotis	1565.5	6.25036126813	7.35596054077
Sturnira erythromos	15.9	3.6863763239	2.76631910923
Sturnira lilium	21.9	3.6686767468	3.08648663682
Suncus etruscus	2.2	1.95160817017	0.788457360364
Suricata suricatta	850.0	5.73753957145	6.74523634948
Syconycteris australis	16.3	2.83026783383	2.79116510781
Sylvilagus floridanus	981.0	6.32292424191	6.88857245957
Tachyglossus aculeatus	2140.0	5.63586045817	7.66856110802
Tachyoryctes splendens	191.0	5.01661736577	5.25227342805
Tamandua tetradactyla	3500.0	6.78615245722	8.16051824748
Tamias amoenus	52.7	4.33859707675	3.96461545555
Tamiasciurus hudsonicus	268.0	5.50776759073	5.59098698051
Tamias minimus	33.5	3.93769075218	3.51154543883
Tamias striatus	87.4	4.49980967033	4.47049528266
Taphozous mauritianus	26.17	3.43849316641	3.26461371654
Tarsipes rostratus	5.4	2.61006979274	1.68639895357
Tarsius syrichta	114.0	4.34380542185	4.73619844839
Tatera afra	106.5	5.20455598673	4.66814498515
Tatera leucogaster	157.6	4.88658264543	5.06006017742
Taxidea taxus	9000.0	7.90100705199	9.10497985632
Tenrec ecaudatus	790.0	5.56260286119	6.67203294546
Thallomys paedulcus	124.7	4.22683374527	4.82591085269
Thomomys bottae	143.0	4.78832472909	4.96284463026
Thomomys talpoides	82.6	4.63083793274	4.41400968053
Thomomys townsendii	249.0	5.24280465662	5.51745289646
Thrichomys apereoides	323.0	5.33126846669	5.77765232322
Thylamys elegans	40.2	3.7614326468	3.69386699562
Tolypeutes matacus	1160.0	5.34710753072	7.0561752841
Tonatia bidens	27.4	3.6686767468	3.31054301339
Trichechus inunguis	170500.0	9.05146186691	12.0464905757
Trichosurus vulpecula	1982.0	6.43775164974	7.59186171489
Tupaia belangeri	186.0	4.84024230817	5.22574667371
Tupaia glis	123.0	4.53796143629	4.81218435537
Tursiops truncatus	190720.0	10.6805851802	12.1585616629
Tympanoctomys barrerae	71.4	4.34120464015	4.26829786935
Uroderma bilobatum	16.2	3.28091121579	2.78501124224
Uromys caudimaculatus	819.0	6.34668843878	6.70808408385
Vulpes cana	1285.0	6.44762276953	7.15851399733
Vulpes macrotis	1769.0	6.98323374016	7.47816969416
Vulpes rueppellii	1546.0	6.68323578149	7.34342622915
Vulpes vulpes	3060.0	7.31388683163	8.02617019495
Vulpes zerda	1106.0	5.98141421125	7.00850518208
Zaedyus pichiy	1740.0	5.97431838827	7.46164039221
Zaglossus bruijni	10300.0	7.1028285197	9.23989917422
